[{"model": "contenttypes.contenttype", "pk": 1, "fields": {"app_label": "admin", "model": "logentry"}}, {"model": "contenttypes.contenttype", "pk": 2, "fields": {"app_label": "auth", "model": "group"}}, {"model": "contenttypes.contenttype", "pk": 3, "fields": {"app_label": "auth", "model": "permission"}}, {"model": "contenttypes.contenttype", "pk": 4, "fields": {"app_label": "auth", "model": "user"}}, {"model": "contenttypes.contenttype", "pk": 5, "fields": {"app_label": "contenttypes", "model": "contenttype"}}, {"model": "contenttypes.contenttype", "pk": 6, "fields": {"app_label": "sessions", "model": "session"}}, {"model": "contenttypes.contenttype", "pk": 7, "fields": {"app_label": "api", "model": "wormuser"}}, {"model": "contenttypes.contenttype", "pk": 8, "fields": {"app_label": "api", "model": "obstacle"}}, {"model": "contenttypes.contenttype", "pk": 9, "fields": {"app_label": "api", "model": "scenario"}}, {"model": "contenttypes.contenttype", "pk": 10, "fields": {"app_label": "api", "model": "bacterium"}}, {"model": "contenttypes.contenttype", "pk": 11, "fields": {"app_label": "api", "model": "decor"}}, {"model": "contenttypes.contenttype", "pk": 12, "fields": {"app_label": "api", "model": "action"}}, {"model": "contenttypes.contenttype", "pk": 13, "fields": {"app_label": "authtoken", "model": "token"}}, {"model": "contenttypes.contenttype", "pk": 14, "fields": {"app_label": "api", "model": "sceneentity"}}, {"model": "sessions.session", "pk": "ws2uwo8j1zyf7urietueqoste07gdd9d", "fields": {"session_data": "Y2Q0NzZjMjMxYmJjMTgwZjhmM2JmMjRjODI0NGZmOTZkZTY0MDhkNDp7Il9hdXRoX3VzZXJfaGFzaCI6ImI2MzU1MWNjZDM1ZGU2M2Q4YjQ2OTQ2MDUwODkyODE2MDdiYjEzZDciLCJfYXV0aF91c2VyX2JhY2tlbmQiOiJkamFuZ28uY29udHJpYi5hdXRoLmJhY2tlbmRzLk1vZGVsQmFja2VuZCIsIl9hdXRoX3VzZXJfaWQiOiIxIn0=", "expire_date": "2017-10-24T14:36:14.519Z"}}, {"model": "api.scenario", "pk": 7, "fields": {"token_partida": "abcde", "world_num": 1, "level_num": 1, "user": 11, "scenario_size": "1000x1000", "scenario_size_width": 1000, "scenario_size_height": 1000, "speed": 1, "time": 1, "visibility": 1, "worm_type": 1}}, {"model": "api.scenario", "pk": 8, "fields": {"token_partida": "abcde", "world_num": 1, "level_num": 1, "user": 11, "scenario_size": "1000x1000", "scenario_size_width": 1000, "scenario_size_height": 1000, "speed": 1, "time": 1, "visibility": 1, "worm_type": 1}}, {"model": "api.obstacle", "pk": 5, "fields": {"coord_x": 100, "coord_y": 100, "width": 100, "height": 100, "type": 0, "scenario": 7}}, {"model": "api.obstacle", "pk": 6, "fields": {"coord_x": 100, "coord_y": 100, "width": 100, "height": 100, "type": 0, "scenario": 7}}, {"model": "api.obstacle", "pk": 7, "fields": {"coord_x": 100, "coord_y": 100, "width": 100, "height": 100, "type": 1, "scenario": 8}}, {"model": "api.obstacle", "pk": 8, "fields": {"coord_x": 100, "coord_y": 100, "width": 100, "height": 100, "type": 2, "scenario": 8}}, {"model": "api.decor", "pk": 8, "fields": {"coord_x": 100, "coord_y": 100, "width": 100, "height": 100, "type": 0, "scenario": 7}}, {"model": "api.decor", "pk": 9, "fields": {"coord_x": 100, "coord_y": 100, "width": 100, "height": 100, "type": 0, "scenario": 7}}, {"model": "api.decor", "pk": 10, "fields": {"coord_x": 100, "coord_y": 100, "width": 100, "height": 100, "type": 2, "scenario": 8}}, {"model": "api.decor", "pk": 11, "fields": {"coord_x": 100, "coord_y": 100, "width": 100, "height": 100, "type": 6, "scenario": 8}}, {"model": "api.bacterium", "pk": 3, "fields": {"coord_x": 100, "coord_y": 100, "width": 100, "height": 100, "type": 0, "score": 100, "scenario": 7}}, {"model": "api.bacterium", "pk": 4, "fields": {"coord_x": 100, "coord_y": 100, "width": 100, "height": 100, "type": 0, "score": 200, "scenario": 7}}, {"model": "api.bacterium", "pk": 5, "fields": {"coord_x": 100, "coord_y": 100, "width": 100, "height": 100, "type": 3, "score": 100, "scenario": 8}}, {"model": "api.bacterium", "pk": 6, "fields": {"coord_x": 100, "coord_y": 100, "width": 100, "height": 100, "type": 4, "score": 200, "scenario": 8}}, {"model": "api.action", "pk": 17, "fields": {"scenario": 8, "event": "turn_left", "timestamp": "2017-10-09T14:09:28.235Z", "time_remaining": 10.0, "total_points": 100}}, {"model": "api.action", "pk": 18, "fields": {"scenario": 8, "event": "turn_left", "timestamp": "2017-10-10T12:55:34.024Z", "time_remaining": 1.1, "total_points": 300}}, {"model": "api.action", "pk": 19, "fields": {"scenario": 8, "event": "end", "timestamp": "2017-10-10T12:55:34.033Z", "time_remaining": 2.1, "total_points": 600}}, {"model": "api.action", "pk": 20, "fields": {"scenario": 8, "event": "turn_left", "timestamp": "2017-10-10T12:55:34.035Z", "time_remaining": 1.1, "total_points": 300}}, {"model": "api.action", "pk": 21, "fields": {"scenario": 8, "event": "turn_right", "timestamp": "2017-10-10T12:55:34.037Z", "time_remaining": 2.1, "total_points": 600}}, {"model": "auth.permission", "pk": 1, "fields": {"name": "Can add log entry", "content_type": 1, "codename": "add_logentry"}}, {"model": "auth.permission", "pk": 2, "fields": {"name": "Can change log entry", "content_type": 1, "codename": "change_logentry"}}, {"model": "auth.permission", "pk": 3, "fields": {"name": "Can delete log entry", "content_type": 1, "codename": "delete_logentry"}}, {"model": "auth.permission", "pk": 4, "fields": {"name": "Can add group", "content_type": 2, "codename": "add_group"}}, {"model": "auth.permission", "pk": 5, "fields": {"name": "Can change group", "content_type": 2, "codename": "change_group"}}, {"model": "auth.permission", "pk": 6, "fields": {"name": "Can delete group", "content_type": 2, "codename": "delete_group"}}, {"model": "auth.permission", "pk": 7, "fields": {"name": "Can add permission", "content_type": 3, "codename": "add_permission"}}, {"model": "auth.permission", "pk": 8, "fields": {"name": "Can change permission", "content_type": 3, "codename": "change_permission"}}, {"model": "auth.permission", "pk": 9, "fields": {"name": "Can delete permission", "content_type": 3, "codename": "delete_permission"}}, {"model": "auth.permission", "pk": 10, "fields": {"name": "Can add user", "content_type": 4, "codename": "add_user"}}, {"model": "auth.permission", "pk": 11, "fields": {"name": "Can change user", "content_type": 4, "codename": "change_user"}}, {"model": "auth.permission", "pk": 12, "fields": {"name": "Can delete user", "content_type": 4, "codename": "delete_user"}}, {"model": "auth.permission", "pk": 13, "fields": {"name": "Can add content type", "content_type": 5, "codename": "add_contenttype"}}, {"model": "auth.permission", "pk": 14, "fields": {"name": "Can change content type", "content_type": 5, "codename": "change_contenttype"}}, {"model": "auth.permission", "pk": 15, "fields": {"name": "Can delete content type", "content_type": 5, "codename": "delete_contenttype"}}, {"model": "auth.permission", "pk": 16, "fields": {"name": "Can add session", "content_type": 6, "codename": "add_session"}}, {"model": "auth.permission", "pk": 17, "fields": {"name": "Can change session", "content_type": 6, "codename": "change_session"}}, {"model": "auth.permission", "pk": 18, "fields": {"name": "Can delete session", "content_type": 6, "codename": "delete_session"}}, {"model": "auth.permission", "pk": 19, "fields": {"name": "Can add worm user", "content_type": 7, "codename": "add_wormuser"}}, {"model": "auth.permission", "pk": 20, "fields": {"name": "Can change worm user", "content_type": 7, "codename": "change_wormuser"}}, {"model": "auth.permission", "pk": 21, "fields": {"name": "Can delete worm user", "content_type": 7, "codename": "delete_wormuser"}}, {"model": "auth.permission", "pk": 22, "fields": {"name": "Can add obstacle", "content_type": 8, "codename": "add_obstacle"}}, {"model": "auth.permission", "pk": 23, "fields": {"name": "Can change obstacle", "content_type": 8, "codename": "change_obstacle"}}, {"model": "auth.permission", "pk": 24, "fields": {"name": "Can delete obstacle", "content_type": 8, "codename": "delete_obstacle"}}, {"model": "auth.permission", "pk": 25, "fields": {"name": "Can add scenario", "content_type": 9, "codename": "add_scenario"}}, {"model": "auth.permission", "pk": 26, "fields": {"name": "Can change scenario", "content_type": 9, "codename": "change_scenario"}}, {"model": "auth.permission", "pk": 27, "fields": {"name": "Can delete scenario", "content_type": 9, "codename": "delete_scenario"}}, {"model": "auth.permission", "pk": 28, "fields": {"name": "Can add bacterium", "content_type": 10, "codename": "add_bacterium"}}, {"model": "auth.permission", "pk": 29, "fields": {"name": "Can change bacterium", "content_type": 10, "codename": "change_bacterium"}}, {"model": "auth.permission", "pk": 30, "fields": {"name": "Can delete bacterium", "content_type": 10, "codename": "delete_bacterium"}}, {"model": "auth.permission", "pk": 31, "fields": {"name": "Can add decor", "content_type": 11, "codename": "add_decor"}}, {"model": "auth.permission", "pk": 32, "fields": {"name": "Can change decor", "content_type": 11, "codename": "change_decor"}}, {"model": "auth.permission", "pk": 33, "fields": {"name": "Can delete decor", "content_type": 11, "codename": "delete_decor"}}, {"model": "auth.permission", "pk": 34, "fields": {"name": "Can add action", "content_type": 12, "codename": "add_action"}}, {"model": "auth.permission", "pk": 35, "fields": {"name": "Can change action", "content_type": 12, "codename": "change_action"}}, {"model": "auth.permission", "pk": 36, "fields": {"name": "Can delete action", "content_type": 12, "codename": "delete_action"}}, {"model": "auth.permission", "pk": 37, "fields": {"name": "Can add Token", "content_type": 13, "codename": "add_token"}}, {"model": "auth.permission", "pk": 38, "fields": {"name": "Can change Token", "content_type": 13, "codename": "change_token"}}, {"model": "auth.permission", "pk": 39, "fields": {"name": "Can delete Token", "content_type": 13, "codename": "delete_token"}}, {"model": "auth.permission", "pk": 40, "fields": {"name": "Can add scene entity", "content_type": 14, "codename": "add_sceneentity"}}, {"model": "auth.permission", "pk": 41, "fields": {"name": "Can change scene entity", "content_type": 14, "codename": "change_sceneentity"}}, {"model": "auth.permission", "pk": 42, "fields": {"name": "Can delete scene entity", "content_type": 14, "codename": "delete_sceneentity"}}, {"model": "auth.user", "pk": 1, "fields": {"password": "pbkdf2_sha256$36000$7UBIYHGTBlDu$HUvGausAqgroXfunOD6LxeYr96Lbatl51q+uJa5EyJw=", "last_login": "2017-10-10T06:47:35.746Z", "is_superuser": true, "username": "superworm", "first_name": "", "last_name": "", "email": "", "is_staff": true, "is_active": true, "date_joined": "2017-10-06T09:35:01.628Z", "groups": [], "user_permissions": []}}, {"model": "auth.user", "pk": 5, "fields": {"password": "pbkdf2_sha256$36000$OQV0ebVECKNy$WFQrrb9qiFyKlnKfVVKlUXwjxtVHlYExbJbTubD5u/U=", "last_login": null, "is_superuser": false, "username": "testuser", "first_name": "test", "last_name": "user", "email": "a.escobar@creaf.uab.cat", "is_staff": false, "is_active": true, "date_joined": "2017-10-06T10:42:52.953Z", "groups": [], "user_permissions": []}}, {"model": "auth.user", "pk": 17, "fields": {"password": "pbkdf2_sha256$36000$DQaIovwt4xOU$dkSi219yb/aOpDawGXi7N+FiST6RBYaDHRU/GN/Gt1Q=", "last_login": null, "is_superuser": false, "username": "c.d@e.com", "first_name": "b", "last_name": "b", "email": "c.d@e.com", "is_staff": false, "is_active": true, "date_joined": "2017-10-09T11:48:27Z", "groups": [], "user_permissions": []}}, {"model": "auth.user", "pk": 18, "fields": {"password": "pbkdf2_sha256$36000$h4Um2jDrTM50$MGmZaasOfdLYPCAlwlKzxIlqncwUaRu88MJkbThi9Is=", "last_login": null, "is_superuser": false, "username": "09652fc2-acff-11e7-a144-c85b76d93ea4", "first_name": "abc", "last_name": "def", "email": "a@b.c", "is_staff": false, "is_active": true, "date_joined": "2017-10-09T14:35:03.235Z", "groups": [], "user_permissions": []}}, {"model": "auth.user", "pk": 19, "fields": {"password": "pbkdf2_sha256$36000$yiJlwxXDviZF$b0OPQv9EW0BMburl0ECxhxaIB8vSeclltgB7uxgQYGk=", "last_login": null, "is_superuser": false, "username": "agustiescobar@gmail.com", "first_name": "abcd", "last_name": "efgh", "email": "agustiescobar@gmail.com", "is_staff": false, "is_active": true, "date_joined": "2017-10-09T14:56:17.923Z", "groups": [], "user_permissions": []}}, {"model": "auth.user", "pk": 20, "fields": {"password": "pbkdf2_sha256$36000$eQuS9fLtU6Gf$KBOB4pjjXVk/upPsO7uUOdfexcrxS5t5HMk5CIAvLS0=", "last_login": "2017-10-10T06:13:17.316Z", "is_superuser": false, "username": "d@ef.c", "first_name": "another", "last_name": "user", "email": "d@ef.c", "is_staff": false, "is_active": true, "date_joined": "2017-10-10T06:12:15.523Z", "groups": [], "user_permissions": []}}, {"model": "auth.user", "pk": 21, "fields": {"password": "pbkdf2_sha256$36000$jVLdS4vi6eMp$A3qh31YAw97AKkT4RfZuj/H3l3dp1BCUG5ivlhtreo8=", "last_login": null, "is_superuser": false, "username": "worm_api_test@user.com", "first_name": "Worm", "last_name": "Api Test", "email": "worm_api_test@user.com", "is_staff": false, "is_active": true, "date_joined": "2017-10-10T07:34:51.890Z", "groups": [], "user_permissions": []}}, {"model": "auth.user", "pk": 25, "fields": {"password": "pbkdf2_sha256$36000$9uAkgfnQ43b0$wOABCJfLy8oHGM9C1RhAwZ5Weu3Nve9hE3DkxqswT04=", "last_login": null, "is_superuser": false, "username": "worm_api_tester@user.com", "first_name": "Worm", "last_name": "Api Test", "email": "worm_api_tester@user.com", "is_staff": false, "is_active": true, "date_joined": "2017-10-10T07:42:28.334Z", "groups": [], "user_permissions": []}}, {"model": "authtoken.token", "pk": "13807b2926c29605d8d3a9048953c13ef0852ecf", "fields": {"user": 17, "created": "2017-10-09T11:48:27.145Z"}}, {"model": "authtoken.token", "pk": "1822149762c09ed2304b88a3de795c887daa06f7", "fields": {"user": 21, "created": "2017-10-10T07:34:51.925Z"}}, {"model": "authtoken.token", "pk": "3c36edb52941e29f9d7ee3dfbd5fc1d04f600ce2", "fields": {"user": 5, "created": "2017-10-09T07:17:33.477Z"}}, {"model": "authtoken.token", "pk": "70281da388c83ec257a5b863e2c1f36824ade954", "fields": {"user": 18, "created": "2017-10-09T14:35:03.278Z"}}, {"model": "authtoken.token", "pk": "746121041d811d4a66fc90480742e317de2deb03", "fields": {"user": 1, "created": "2017-10-09T06:43:29.954Z"}}, {"model": "authtoken.token", "pk": "82c389ee8ff55258349175162aaf7524fd865a6c", "fields": {"user": 19, "created": "2017-10-09T14:56:17.960Z"}}, {"model": "authtoken.token", "pk": "d295bf811570ace46609ddf038fc6b0fea273f01", "fields": {"user": 25, "created": "2017-10-10T07:42:28.365Z"}}, {"model": "authtoken.token", "pk": "e661f200c688d6600f61b52fff2ed537053f3435", "fields": {"user": 20, "created": "2017-10-10T06:12:15.559Z"}}, {"model": "api.wormuser", "pk": 3, "fields": {"user": 5, "gender": "M", "birth_date": "01/01/01"}}, {"model": "api.wormuser", "pk": 11, "fields": {"user": 17, "gender": "F", "birth_date": "01/01/01"}}, {"model": "api.wormuser", "pk": 12, "fields": {"user": 18, "gender": "F", "birth_date": "01/01/01"}}, {"model": "api.wormuser", "pk": 13, "fields": {"user": 19, "gender": "F", "birth_date": "01/01/01"}}, {"model": "api.wormuser", "pk": 14, "fields": {"user": 20, "gender": "F", "birth_date": "01/01/01"}}, {"model": "api.wormuser", "pk": 15, "fields": {"user": 21, "gender": "F", "birth_date": "01/01/01"}}, {"model": "api.wormuser", "pk": 16, "fields": {"user": 25, "gender": "F", "birth_date": "01/01/01"}}, {"model": "admin.logentry", "pk": 1, "fields": {"action_time": "2017-10-06T09:56:13.025Z", "user": 1, "content_type": 4, "object_id": "3", "object_repr": "testuser", "action_flag": 1, "change_message": "[{\"added\": {}}]"}}, {"model": "admin.logentry", "pk": 2, "fields": {"action_time": "2017-10-06T10:05:17.482Z", "user": 1, "content_type": 4, "object_id": "3", "object_repr": "testuser", "action_flag": 3, "change_message": ""}}, {"model": "admin.logentry", "pk": 3, "fields": {"action_time": "2017-10-06T10:42:24.325Z", "user": 1, "content_type": 4, "object_id": "4", "object_repr": "test_user", "action_flag": 3, "change_message": ""}}, {"model": "admin.logentry", "pk": 4, "fields": {"action_time": "2017-10-09T06:43:29.955Z", "user": 1, "content_type": 13, "object_id": "746121041d811d4a66fc90480742e317de2deb03", "object_repr": "746121041d811d4a66fc90480742e317de2deb03", "action_flag": 1, "change_message": "[{\"added\": {}}]"}}, {"model": "admin.logentry", "pk": 5, "fields": {"action_time": "2017-10-09T07:18:14.558Z", "user": 1, "content_type": 4, "object_id": "6", "object_repr": "dummy", "action_flag": 1, "change_message": "[{\"added\": {}}]"}}, {"model": "admin.logentry", "pk": 6, "fields": {"action_time": "2017-10-09T07:18:36.893Z", "user": 1, "content_type": 4, "object_id": "6", "object_repr": "dummy", "action_flag": 3, "change_message": ""}}, {"model": "admin.logentry", "pk": 7, "fields": {"action_time": "2017-10-09T11:28:04.991Z", "user": 1, "content_type": 4, "object_id": "12", "object_repr": "a", "action_flag": 3, "change_message": ""}}, {"model": "admin.logentry", "pk": 8, "fields": {"action_time": "2017-10-09T11:28:05.000Z", "user": 1, "content_type": 4, "object_id": "7", "object_repr": "new", "action_flag": 3, "change_message": ""}}, {"model": "admin.logentry", "pk": 9, "fields": {"action_time": "2017-10-09T11:28:05.002Z", "user": 1, "content_type": 4, "object_id": "9", "object_repr": "neww", "action_flag": 3, "change_message": ""}}, {"model": "admin.logentry", "pk": 10, "fields": {"action_time": "2017-10-09T11:28:05.005Z", "user": 1, "content_type": 4, "object_id": "10", "object_repr": "newww", "action_flag": 3, "change_message": ""}}, {"model": "admin.logentry", "pk": 11, "fields": {"action_time": "2017-10-09T11:28:05.007Z", "user": 1, "content_type": 4, "object_id": "11", "object_repr": "player", "action_flag": 3, "change_message": ""}}, {"model": "admin.logentry", "pk": 12, "fields": {"action_time": "2017-10-09T11:41:55.307Z", "user": 1, "content_type": 4, "object_id": "13", "object_repr": "aaa", "action_flag": 3, "change_message": ""}}, {"model": "admin.logentry", "pk": 13, "fields": {"action_time": "2017-10-09T11:41:55.316Z", "user": 1, "content_type": 4, "object_id": "16", "object_repr": "aaaa", "action_flag": 3, "change_message": ""}}, {"model": "admin.logentry", "pk": 14, "fields": {"action_time": "2017-10-09T12:40:31.136Z", "user": 1, "content_type": 4, "object_id": "5", "object_repr": "testuser", "action_flag": 2, "change_message": "[{\"changed\": {\"fields\": [\"password\"]}}]"}}, {"model": "admin.logentry", "pk": 15, "fields": {"action_time": "2017-10-10T07:02:12.336Z", "user": 1, "content_type": 4, "object_id": "17", "object_repr": "c.d@e.com", "action_flag": 2, "change_message": "[{\"changed\": {\"fields\": [\"username\", \"email\"]}}]"}}, {"model": "admin.logentry", "pk": 16, "fields": {"action_time": "2017-10-10T07:02:26.946Z", "user": 1, "content_type": 4, "object_id": "17", "object_repr": "c.d@e.com", "action_flag": 2, "change_message": "[{\"changed\": {\"fields\": [\"password\"]}}]"}}, {"model": "admin.logentry", "pk": 17, "fields": {"action_time": "2017-10-10T14:36:14.509Z", "user": 1, "content_type": 4, "object_id": "19", "object_repr": "agustiescobar@gmail.com", "action_flag": 2, "change_message": "[{\"changed\": {\"fields\": [\"password\"]}}]"}}]